match_date,league_name,matchid,home_team,away_team,home_probability_win,draw_probability,away_probability_win,home_goals,away_goals,ftr,home_ball_possession,home_total_shots,home_shots_on_target,home_big_chances,home_big_misses,home_accurate_passes,home_fouls_commited,home_corners,home_shots_off_target,home_blocked_shots,home_hit_woodwork,home_shots_inside_box,home_shots_outside_box,home_passes,home_own_half,home_opposition_half,home_accurate_long_balls,home_accurate_crosses,home_throws,home_offsides,home_tackles_won,home_interceptions,home_blocks,home_clearances,home_keeper_save,home_duels_won,home_geround_duels_won,home_aerial_duels_won,home_successful_dribbles,home_yellow_cards,home_red_cards,away_ball_possession,away_total_shots,away_shots_on_target,away_big_chances,away_big_misses,away_accurate_passes,away_fouls_commited,away_corners,away_shots_off_target,away_blocked_shots,away_hit_woodwork,away_shots_inside_box,away_shots_outside_box,away_passes,away_own_half,away_opposition_half,away_accurate_long_balls,away_axxurate_crosses,away_throws,away_offsides,away_tackles_won,away_interceptions,away_blocks,away_clearances,away_keeper_save,away_duels_won,away_geround_duels_won,away_aerial_duels_won,away_successful_dribbles,away_yellow_cards,away_red_cards
2021-09-03,WSL,3676211,Manchester United Women,Reading FC Women,0.7462879276952873,0.19109102646868947,0.06262104583602324,2,0,0,59,14,3,3,2,84,7,5,7,4,0,7,7,483,200,207,52,9,39,3,80,13,1,14,0,37,48,50,50,1,0,41,4,0,0,0,77,7,3,3,1,1,3,1,334,172,86,55,17,25,0,76,17,4,25,1,39,52,50,33,0,0
2021-09-04,WSL,3676214,Aston Villa Women (W),Leicester City WFC (W),0.40404040404040403,0.3383838383838384,0.25757575757575757,2,1,0,48,7,2,1,0,64,8,1,2,3,0,3,4,280,85,94,32,7,36,4,65,15,1,12,6,57,49,63,53,0,0,52,13,7,3,3,66,12,8,5,1,0,5,8,306,101,102,44,12,28,2,69,9,3,14,0,53,51,37,45,0,0
2021-09-04,WSL,3676212,Everton Women,Man City Women,0.21572212065813529,0.4040219378427788,0.3802559414990859,0,4,2,48,9,3,1,1,70,16,5,4,2,0,5,4,404,152,129,25,19,29,3,67,10,0,22,5,42,45,46,55,1,0,52,14,9,1,0,75,6,6,5,0,1,8,6,450,191,145,45,17,23,1,65,11,2,32,3,50,55,54,100,0,0
2021-09-04,WSL,3676210,Tottenham Women,Birmingham City Women,0.5755208333333334,0.2864583333333333,0.13802083333333334,1,0,0,67,19,5,0,0,78,7,9,12,2,0,5,14,490,175,206,65,0,32,4,75,14,2,4,2,28,53,67,67,0,0,33,7,2,0,0,51,12,2,3,2,0,3,4,235,84,37,18,33,26,0,92,16,2,10,4,23,47,33,25,2,0
2021-09-05,WSL,3676215,Arsenal Women (W),Chelsea FC Women (W),0.38712121212121214,0.3212121212121212,0.2916666666666667,3,2,0,41,9,6,3,2,78,9,0,2,1,0,7,2,349,189,82,40,0,11,2,57,8,0,25,2,38,53,45,60,0,0,59,15,4,3,1,83,13,4,4,7,0,13,2,497,208,204,60,29,14,1,78,7,0,2,3,37,47,55,80,0,0
2021-09-05,WSL,3676213,Brighton & Hove Albion Women (W),West Ham United Women (W),0.41204819277108434,0.3614457831325301,0.22650602409638554,2,0,0,59,13,5,2,1,77,6,6,4,4,0,7,6,430,190,142,35,20,19,5,58,24,0,7,1,39,56,23,14,0,0,41,8,1,1,1,68,11,1,7,0,1,4,4,295,115,86,28,20,32,0,63,12,3,15,3,38,44,77,38,0,0
2021-09-11,WSL,3676217,West Ham United Women (W),Aston Villa Women (W),0.4860335195530726,0.329608938547486,0.18435754189944134,1,1,1,45,8,4,2,1,63,15,0,2,2,0,6,2,304,117,74,41,29,20,2,82,13,3,20,5,38,39,74,80,0,0,55,19,6,2,1,65,11,4,10,3,1,11,8,354,115,116,54,19,33,2,67,4,2,8,3,43,61,26,83,0,0
2021-09-12,WSL,3676221,Chelsea FC Women (W),Everton (W),0.7419354838709677,0.19635343618513323,0.061711079943899017,4,0,0,57,27,6,3,1,83,6,6,15,6,2,20,7,528,242,197,60,35,23,2,73,17,0,15,2,48,66,59,78,0,0,43,5,2,0,0,76,6,1,1,2,0,3,2,406,217,92,27,9,23,1,75,16,0,15,2,27,34,41,45,0,0
2021-09-12,WSL,3676222,Birmingham City Women,Brighton Women,0.3872549019607843,0.39215686274509803,0.22058823529411764,0,5,2,33,14,4,1,1,62,8,2,5,5,0,10,4,242,99,52,30,17,41,2,71,20,2,8,3,31,44,41,50,0,0,67,13,8,3,0,76,13,3,3,2,0,9,4,502,234,150,55,21,36,1,81,12,5,11,4,40,56,59,55,2,0
2021-09-12,WSL,3676220,Leicester City WFC (W),Manchester United Women (W),0.1992818671454219,0.3752244165170557,0.4254937163375224,1,3,2,35,10,3,1,0,58,11,3,4,3,0,4,6,247,65,79,38,50,18,0,47,25,0,21,5,44,42,41,41,0,0,65,33,10,4,4,74,7,5,11,12,1,22,11,465,146,200,44,29,31,1,68,14,0,9,2,61,58,59,60,0,0
2021-09-12,WSL,3676218,Reading FC Women,Arsenal Women,0.12959381044487428,0.41779497098646035,0.4526112185686654,0,4,2,37,13,3,1,1,74,4,2,5,5,0,4,9,303,142,83,35,30,28,1,56,15,6,23,1,26,43,31,50,1,0,63,17,5,3,1,83,2,4,6,6,0,11,6,517,231,197,56,17,37,1,56,18,5,12,3,38,57,69,88,1,0
2021-09-12,WSL,3676219,Man City Women,Tottenham Women,0.6679012345679012,0.2382716049382716,0.09382716049382717,1,2,2,66,18,6,2,2,87,12,12,9,3,1,17,1,532,235,230,65,21,27,0,71,7,0,3,1,41,46,69,54,1,0,34,6,2,1,1,73,8,3,4,0,0,4,2,288,173,36,39,20,23,2,91,13,3,23,5,41,54,31,60,1,0
2021-09-25,WSL,3676226,Everton Women,Birmingham City Women,0.5703703703703704,0.3037037037037037,0.1259259259259259,3,1,0,66,14,4,1,1,82,12,10,4,6,0,10,4,589,287,196,52,18,29,2,81,5,1,7,2,31,44,61,14,0,0,34,6,3,0,0,67,5,2,2,1,0,3,3,304,146,57,37,13,26,1,62,19,6,17,1,32,56,39,33,0,0
2021-09-26,WSL,3676225,Manchester United Women (W),Chelsea FC Women (W),0.45943304007820135,0.27174975562072334,0.26881720430107525,1,6,2,51,13,2,2,1,77,7,4,7,4,1,8,5,444,207,137,37,15,22,3,70,14,0,11,3,32,43,44,50,0,0,49,16,9,6,1,76,4,4,6,1,0,13,3,417,180,136,46,20,15,1,67,13,0,16,1,42,57,56,71,0,0
2021-09-26,WSL,3676227,Brighton & Hove Albion Women (W),Aston Villa Women (W),0.487012987012987,0.2792207792207792,0.23376623376623376,0,1,2,47,9,3,0,0,63,6,5,4,2,0,6,3,324,114,91,39,9,37,3,79,11,2,15,2,42,58,62,0,0,0,53,8,3,2,1,69,10,9,3,2,0,6,2,365,134,118,44,18,32,3,86,14,2,13,3,29,42,38,50,0,0
2021-09-26,WSL,3676224,Tottenham Hotspur Women,Reading FC Women,0.6895424836601307,0.19281045751633988,0.11764705882352941,1,0,0,48,22,8,4,3,70,10,4,12,2,0,10,12,353,133,114,39,43,27,2,86,22,1,13,1,50,57,58,50,2,0,52,7,1,0,0,68,11,2,5,1,0,4,3,374,159,96,37,31,44,0,87,10,3,10,6,37,43,42,40,1,0
2021-09-26,WSL,3676223,West Ham United Women (W),Leicester City WFC (W),0.5133079847908745,0.311787072243346,0.17490494296577946,4,0,0,58,25,8,4,2,68,6,6,10,7,1,20,5,383,150,111,41,34,33,3,64,13,0,11,5,34,47,44,57,0,0,42,12,5,0,0,59,9,3,4,3,0,5,7,282,104,63,32,14,25,1,86,16,0,28,6,39,53,56,50,0,0
2021-09-26,WSL,3676228,Arsenal Women,Man City Women,0.5845004668534081,0.20915032679738563,0.20634920634920634,5,0,0,36,16,8,5,2,73,6,9,5,3,0,11,5,280,110,94,52,20,25,3,65,13,1,8,3,47,57,57,100,1,0,64,9,3,0,0,85,9,8,5,1,1,4,5,521,288,156,52,35,16,2,75,11,4,13,2,35,43,43,50,1,0
2021-10-02,WSL,3676233,Chelsea FC Women (W),Brighton & Hove Albion Women (W),0.7312775330396476,0.19383259911894274,0.07488986784140969,3,1,0,62,18,6,3,2,79,10,4,11,1,0,13,5,562,262,184,42,27,29,2,50,18,0,11,0,51,55,82,33,0,0,38,5,2,0,0,60,7,4,2,1,0,3,2,332,125,75,25,0,25,1,83,23,0,8,3,28,45,18,25,0,0
2021-10-02,WSL,3676235,Aston Villa Women (W),Arsenal Women (W),0.1423670668953688,0.17667238421955403,0.6809605488850772,0,4,2,23,4,1,0,0,53,6,2,3,0,0,2,2,195,75,29,15,40,17,0,68,15,4,21,7,39,58,44,50,0,0,77,22,11,2,2,87,8,6,7,4,0,11,11,636,194,359,83,38,31,0,58,3,0,7,1,32,42,56,100,0,0
2021-10-03,WSL,3676232,Leicester City WFC (W),Tottenham Hotspur Women (W),0.27639751552795033,0.2857142857142857,0.43788819875776397,0,2,2,39,3,0,0,0,63,17,2,2,1,0,3,0,288,110,70,39,25,25,1,40,9,4,25,7,56,41,48,18,0,0,61,22,9,4,3,75,10,12,9,4,0,16,6,436,178,147,58,30,27,2,62,9,0,16,0,72,59,52,80,0,0
2021-10-03,WSL,3676231,Man City Women,West Ham Women,0.6058201058201058,0.23544973544973544,0.15873015873015872,0,2,2,73,20,7,3,3,85,7,13,10,3,1,11,9,650,253,299,50,18,39,2,86,9,3,4,3,28,42,46,50,0,0,27,9,5,0,0,56,10,1,1,3,0,6,3,238,90,43,23,29,20,0,85,17,3,28,7,38,58,54,56,1,0
2021-10-03,WSL,3676230,Reading FC Women,Everton Women,0.25139664804469275,0.31843575418994413,0.4301675977653631,0,3,2,29,4,2,0,0,59,8,3,1,1,0,3,1,240,75,66,39,19,28,0,80,26,2,19,2,34,53,45,75,1,0,71,13,5,3,2,81,13,4,6,2,0,11,2,594,289,195,44,36,38,2,50,18,1,12,2,32,47,55,40,0,0
2021-10-03,WSL,3676234,Birmingham City Women,Man United Women,0.13949579831932774,0.21512605042016808,0.6453781512605042,0,2,2,29,3,1,0,0,53,3,1,2,0,0,2,1,251,85,49,30,25,28,2,78,16,7,11,0,39,48,44,25,0,0,71,15,2,2,1,83,11,6,6,7,1,7,8,621,249,269,63,15,29,3,77,14,0,5,1,43,52,56,71,2,0
2021-10-09,WSL,3676238,Man United Women,Man City Women,0.5027027027027027,0.22054054054054054,0.27675675675675676,2,2,1,54,9,4,1,0,81,10,11,2,3,0,3,6,416,175,160,52,25,28,4,77,6,1,7,3,30,37,38,100,0,0,46,10,6,3,1,77,6,5,4,0,0,8,2,348,182,87,47,40,19,0,72,11,2,23,2,51,63,63,69,1,1
2021-10-10,WSL,3676239,Chelsea FC Women (W),Leicester City WFC (W),0.6773255813953488,0.24031007751937986,0.08236434108527131,2,0,0,71,22,9,2,1,78,4,16,10,3,0,16,6,515,196,208,67,13,26,1,82,0,0,11,0,41,54,76,100,0,0,29,4,0,0,0,53,8,0,4,0,0,1,3,215,82,33,19,50,31,3,83,10,0,23,7,23,46,24,0,0,0
2021-10-10,WSL,3676240,Brighton & Hove Albion Women (W),Tottenham Hotspur Women (W),0.21647819063004847,0.32794830371567046,0.4555735056542811,2,1,0,48,17,6,2,1,72,7,4,5,6,2,9,8,374,171,98,55,15,27,1,38,12,0,32,6,48,54,75,0,0,0,52,15,7,0,0,67,12,4,4,4,0,9,6,407,164,108,45,23,34,0,72,9,0,11,4,33,46,25,36,0,0
2021-10-10,WSL,3676237,Reading FC Women,Aston Villa Women,0.26535626535626533,0.32678132678132676,0.40786240786240785,3,0,0,38,8,3,0,0,50,13,3,3,2,0,5,3,231,53,62,35,30,30,0,69,12,5,13,0,44,52,58,20,1,0,62,12,0,0,0,70,7,7,7,5,1,9,3,365,107,148,43,24,52,3,71,6,2,8,0,39,48,42,31,0,0
2021-10-10,WSL,3676241,Arsenal Women (W),Everton (W),0.7014028056112225,0.21042084168336672,0.08817635270541083,3,0,0,56,24,8,2,2,83,5,7,8,8,1,16,8,536,270,173,72,13,29,1,78,13,0,7,1,35,51,60,80,0,0,44,5,1,0,0,76,7,3,0,4,0,0,5,419,198,122,36,0,27,0,60,17,0,31,5,32,49,40,27,0,0
2021-10-10,WSL,3676236,West Ham Women,Birmingham City Women,0.5954825462012321,0.30184804928131415,0.1026694045174538,1,1,1,65,9,3,0,0,80,9,8,4,2,0,6,3,382,160,145,73,21,54,1,75,4,2,13,1,39,49,68,60,2,0,35,9,2,3,2,58,12,3,5,2,1,4,5,222,68,60,30,43,25,2,89,14,2,35,2,33,51,32,0,0,0
2021-11-06,WSL,3676246,Aston Villa Women (W),Chelsea FC Women (W),0.12058212058212059,0.19750519750519752,0.681912681912682,0,1,2,25,3,0,0,0,49,5,5,2,1,0,1,2,202,66,32,16,14,21,0,64,16,5,23,4,31,60,30,40,0,0,75,16,5,2,1,85,12,3,6,5,1,5,11,634,229,309,70,20,25,3,73,7,1,16,0,31,40,70,17,0,0
2021-11-06,WSL,3676244,Everton (W),Brighton & Hove Albion Women (W),0.43870967741935485,0.3225806451612903,0.23870967741935484,0,1,2,58,14,3,1,1,77,10,4,8,3,0,6,8,438,218,119,40,25,38,4,64,14,0,20,2,35,62,25,75,0,0,42,6,3,0,0,66,8,3,2,1,1,3,3,310,122,83,20,14,39,0,89,14,0,12,3,26,38,75,29,0,0
2021-11-07,WSL,3676242,Tottenham Hotspur Women (W),Manchester United Women (W),0.2745762711864407,0.21525423728813559,0.5101694915254237,1,1,1,49,8,4,0,0,66,11,4,4,0,0,2,6,359,134,103,47,9,35,1,61,15,0,16,6,57,54,45,45,0,0,51,17,7,0,0,64,8,6,2,8,0,10,7,379,144,100,26,33,47,3,78,24,0,5,3,54,46,55,33,0,0
2021-11-07,WSL,3676245,Birmingham City Women,Reading FC Women,0.46153846153846156,0.26573426573426573,0.2727272727272727,0,3,2,35,3,2,0,0,54,9,1,1,0,0,1,2,240,59,70,20,29,29,0,62,14,2,11,2,47,48,53,31,1,0,65,12,6,3,0,74,13,4,5,1,0,10,2,456,227,111,40,57,24,0,43,5,0,16,2,47,52,47,23,2,0
2021-11-07,WSL,3676243,Leicester City WFC,Man City Women,0.2080536912751678,0.2214765100671141,0.5704697986577181,1,4,2,32,4,1,1,0,71,6,2,2,1,0,3,1,284,154,49,40,0,22,0,57,18,7,19,7,40,52,44,29,1,0,68,28,11,2,0,87,9,9,9,8,1,19,9,587,234,276,56,21,23,0,70,14,1,4,0,40,48,56,20,0,0
2021-11-07,WSL,3676247,Arsenal Women (W),West Ham United Women (W),0.7320754716981132,0.13081761006289308,0.1371069182389937,4,0,0,59,21,7,8,5,86,12,8,9,5,2,15,6,544,211,256,81,25,30,5,27,14,0,9,2,26,44,50,86,0,0,41,7,2,0,0,73,4,1,5,0,0,4,3,380,208,68,48,44,17,0,67,5,0,25,4,32,56,50,50,0,0
2021-11-13,WSL,3676249,Tottenham Hotspur Women (W),Arsenal Women (W),0.21212121212121213,0.18670576735092864,0.6011730205278593,1,1,1,37,11,6,0,0,68,19,4,3,2,0,7,4,296,119,82,37,9,15,0,100,20,0,26,5,21,38,20,38,0,0,63,19,6,2,2,79,6,6,7,6,2,14,5,507,166,236,57,38,22,2,82,5,0,10,5,36,62,80,100,0,0
2021-11-14,WSL,3676251,Everton (W),Manchester United Women (W),0.19907407407407407,0.2657407407407407,0.5351851851851852,1,1,1,52,11,5,1,1,77,13,2,5,1,1,7,4,402,179,130,34,24,20,0,100,14,0,12,1,31,52,50,100,0,0,48,12,2,1,1,72,13,3,8,2,0,6,6,368,146,120,48,17,29,2,73,8,0,17,4,29,48,50,67,0,0
2021-11-14,WSL,3676253,Birmingham City Women,Aston Villa Women,0.2690677966101695,0.326271186440678,0.4046610169491525,0,1,2,40,4,1,1,1,58,15,1,3,0,0,2,2,260,99,52,30,14,29,1,59,12,1,24,1,44,44,46,50,2,0,60,6,1,0,0,67,12,6,4,1,0,4,2,389,130,132,39,14,33,2,67,3,0,6,1,55,56,54,60,3,0
2021-11-14,WSL,3676252,Brighton & Hove Albion Women (W),Leicester City WFC (W),0.4578544061302682,0.29310344827586204,0.24904214559386972,1,0,0,63,8,3,0,0,74,7,9,3,2,0,6,2,450,213,122,51,14,20,8,75,3,0,6,3,27,53,55,0,0,0,37,6,3,0,0,61,14,4,0,3,0,5,1,262,102,57,26,18,24,0,100,14,0,27,2,23,47,45,25,0,0
2021-11-14,WSL,3676250,Man City Women,Chelsea Women,0.2612741589119542,0.23478883321403007,0.5039370078740157,0,4,2,55,11,6,1,1,81,6,7,4,1,0,8,3,500,265,142,43,33,20,0,60,6,4,15,2,27,49,53,100,1,0,45,13,6,1,0,78,3,4,3,4,0,10,3,408,192,126,37,36,17,3,50,12,1,14,6,27,51,47,50,0,0
2021-11-14,WSL,3676248,West Ham United Women,Reading FC Women,0.5106382978723404,0.32978723404255317,0.1595744680851064,2,2,1,54,15,6,1,0,68,8,4,5,4,1,13,2,379,110,146,38,30,27,3,78,3,0,17,2,25,58,75,67,1,0,46,6,3,0,0,67,11,3,3,0,0,2,4,341,143,86,37,0,25,0,89,10,6,32,2,17,42,25,0,3,0
2021-11-20,WSL,3676257,Man City Women,Aston Villa Women,0.6237942122186495,0.2090032154340836,0.16720257234726688,5,0,0,79,23,11,2,0,85,10,11,9,3,1,15,8,620,166,363,57,30,26,1,79,8,0,4,1,45,53,69,58,0,0,21,1,1,0,0,51,9,0,0,0,0,0,1,171,54,33,17,0,24,2,72,15,3,23,6,35,47,31,33,0,0
2021-11-21,WSL,3676256,Manchester United Women (W),Arsenal Women (W),0.32649071358748777,0.20039100684261973,0.4731182795698925,0,2,2,51,7,1,1,1,74,12,1,3,3,0,5,2,351,143,115,37,17,19,3,62,10,0,21,3,25,44,40,63,0,0,49,15,5,1,0,72,3,7,5,5,2,11,4,330,124,112,45,18,35,0,100,2,0,9,1,33,56,60,50,0,0
2021-11-21,WSL,3676259,Chelsea FC Women (W),Birmingham City Women (W),0.7295597484276729,0.1918238993710692,0.07861635220125786,5,0,0,75,25,13,7,3,83,8,6,11,1,0,18,7,601,168,329,74,45,33,3,50,8,0,11,1,52,58,88,71,0,0,25,2,1,0,0,53,4,3,1,0,0,1,1,200,83,22,27,40,27,1,79,20,0,19,7,25,42,12,100,0,0
2021-11-21,WSL,3676258,Leicester City WFC (W),Everton (W),0.3707482993197279,0.2755102040816326,0.35374149659863946,0,1,2,37,6,2,0,0,62,5,1,3,1,0,3,3,357,147,75,28,22,37,0,86,7,0,21,5,22,61,50,100,0,0,63,15,6,5,4,80,4,6,5,4,1,10,5,619,302,196,51,19,36,8,67,23,0,14,2,15,39,50,22,0,0
2021-11-21,WSL,3676255,Reading FC Women,Brighton & Hove Albion Women,0.3194444444444444,0.30092592592592593,0.37962962962962965,2,0,0,56,8,3,2,0,74,10,2,2,3,0,4,4,427,233,85,43,18,36,1,86,4,3,18,1,21,0,0,33,1,0,44,12,1,0,0,71,5,3,7,4,0,6,6,321,92,135,52,23,38,3,90,6,3,18,1,31,0,0,33,0,0
2021-11-21,WSL,3676254,West Ham United Women (W),Tottenham Hotspur Women (W),0.3228346456692913,0.24934383202099739,0.42782152230971127,1,0,0,45,12,3,0,0,68,8,3,4,5,0,6,6,397,149,120,44,20,36,1,67,25,0,22,4,44,54,63,50,0,0,55,12,4,0,0,74,11,5,6,2,0,6,6,483,209,147,45,28,34,5,82,8,0,29,2,35,46,38,67,0,0
2021-12-11,WSL,3676260,Reading FC Women,Chelsea FC Women,0.1206611570247934,0.2049586776859504,0.6743801652892562,1,0,0,23,4,1,0,0,45,8,3,2,1,0,4,0,179,39,41,24,14,10,0,70,15,13,43,3,27,42,45,25,1,0,77,34,5,0,0,81,12,10,18,11,0,22,12,594,147,335,51,55,29,3,79,10,1,5,0,36,58,55,50,0,0
2021-12-12,WSL,3676262,Brighton & Hove Albion Women (W),Manchester United Women (W),0.23338257016248154,0.18759231905465287,0.5790251107828656,0,2,2,35,4,2,0,0,55,10,2,2,0,0,3,1,262,93,52,24,0,22,1,88,4,8,34,12,26,59,60,50,0,0,65,30,14,1,1,78,6,12,8,8,0,19,11,476,219,151,36,34,35,3,100,8,0,11,2,18,41,40,0,0,0
2021-12-12,WSL,3676261,Everton Women (W),West Ham United Women (W),0.3333333333333333,0.2951388888888889,0.3715277777777778,1,1,1,60,14,6,1,0,78,9,6,5,3,0,8,6,509,228,169,40,20,42,2,64,12,1,20,3,29,35,63,67,0,0,40,9,4,4,3,67,2,3,4,1,0,6,3,331,116,105,49,5,35,2,68,18,3,27,5,42,65,38,40,0,0
2021-12-12,WSL,3676263,Birmingham City Women,Man City Women,0.2073170731707317,0.21951219512195122,0.573170731707317,2,3,2,26,10,4,2,0,44,8,0,3,3,0,6,4,185,34,48,23,25,31,0,71,3,1,21,5,19,0,100,0,1,0,74,14,8,2,0,78,12,6,5,1,0,11,3,530,191,225,70,20,27,0,100,3,3,2,2,14,0,0,0,2,0
2021-12-12,WSL,3676264,Aston Villa Women (W),Tottenham Hotspur Women (W),0.3114406779661017,0.2288135593220339,0.4597457627118644,1,2,2,48,5,2,1,1,67,11,1,3,0,0,4,1,363,160,83,33,6,30,2,75,3,0,3,3,25,0,0,50,0,0,52,7,5,1,0,75,13,2,2,0,0,4,3,406,181,123,47,8,35,1,88,10,1,12,0,28,0,100,33,0,0
2021-12-12,WSL,3676265,Arsenal Women (W),Leicester City WFC (W),0.7321613236814891,0.16856256463288521,0.09927611168562564,4,0,0,76,25,10,5,3,87,4,10,7,8,0,19,6,661,295,282,61,33,28,11,73,6,0,3,0,30,0,100,27,0,0,24,2,0,0,0,60,8,0,2,0,0,2,0,214,99,30,35,0,12,0,90,8,7,27,6,16,0,0,50,0,0
2021-12-19,WSL,3676269,Manchester United Women (W),Aston Villa Women (W),0.8441558441558441,0.1038961038961039,0.05194805194805195,5,0,0,63,19,10,2,0,82,12,4,6,3,0,13,6,498,245,165,52,36,21,0,73,15,4,21,1,51,57,77,25,0,0,37,6,1,0,0,68,16,4,1,4,0,3,3,282,112,79,33,20,29,1,71,11,4,9,4,34,43,23,33,0,0
2021-12-19,WSL,3676271,Leicester City WFC,Birmingham City Women,0.4843205574912892,0.34494773519163763,0.17073170731707318,2,0,0,56,8,6,1,1,65,12,2,1,1,0,6,2,386,157,92,43,14,44,1,76,16,1,13,1,38,52,44,44,2,0,44,11,1,1,1,55,11,8,9,1,0,8,3,290,79,80,21,25,40,7,68,13,1,22,4,37,48,56,22,1,0
2021-12-19,WSL,3676268,Tottenham Hotspur Women (W),Everton Women (W),0.5555555555555556,0.28774928774928776,0.15669515669515668,1,0,0,42,9,5,0,0,66,15,4,2,2,0,6,3,360,129,110,26,44,37,2,89,4,1,20,6,32,52,36,100,0,0,58,11,6,0,0,76,8,5,3,2,1,7,4,491,224,148,38,7,33,1,80,18,2,17,4,33,48,64,30,0,0
2022-01-09,WSL,3676277,Brighton Women,Man City Women,0.21702838063439064,0.28213689482470783,0.5008347245409015,0,6,2,36,3,0,0,0,66,8,1,2,1,0,2,1,309,142,61,34,11,27,2,56,4,7,11,6,29,43,45,50,2,0,64,24,12,4,3,84,7,8,6,6,0,17,7,563,268,207,55,13,20,2,56,16,1,11,0,38,57,55,67,0,0
2022-01-09,WSL,3676278,Birmingham City Women,Arsenal Women,0.14391143911439114,0.22509225092250923,0.6309963099630996,2,0,0,32,13,7,0,0,54,11,4,4,2,0,5,8,220,56,62,34,21,24,0,84,21,5,12,2,30,41,50,50,2,0,68,11,2,0,0,80,5,6,4,5,0,6,5,475,208,172,56,11,45,0,79,6,2,9,5,41,59,50,50,2,0
2022-01-09,WSL,3676275,Reading FC Women,Leicester City WFC,0.29775280898876405,0.34831460674157305,0.3539325842696629,1,0,0,42,6,4,1,1,52,10,5,2,0,1,4,2,320,124,42,28,20,24,4,100,11,1,6,2,21,0,0,0,0,0,58,9,2,0,0,71,15,4,6,1,0,6,3,434,136,170,37,23,36,1,50,7,0,11,3,18,0,100,100,2,0
2022-01-15,WSL,3676281,Man United Women,Birmingham City Women,0.6459510357815442,0.2542372881355932,0.09981167608286252,5,0,0,71,15,9,6,3,83,8,5,3,3,1,12,3,631,272,250,69,33,24,1,63,6,0,3,0,35,46,68,25,1,0,29,1,0,0,0,59,4,1,1,0,1,0,1,254,86,64,27,9,27,1,63,10,4,21,4,32,54,32,50,0,0
2022-01-15,WSL,3676284,Aston Villa Women,Man City Women,0.21549636803874092,0.2857142857142857,0.49878934624697335,0,3,2,25,4,2,0,0,63,8,3,1,1,0,0,4,221,80,60,37,0,22,0,42,26,4,4,0,33,45,25,29,0,0,75,13,3,3,1,87,7,4,6,4,0,9,4,654,294,273,50,35,17,3,68,10,1,12,2,49,55,75,47,1,0
2022-01-16,WSL,3676282,Leicester City WFC (W),Brighton & Hove Albion Women (W),0.4506172839506173,0.3271604938271605,0.2222222222222222,1,0,0,35,13,3,3,3,62,8,5,4,6,0,9,4,269,106,62,32,22,28,6,86,17,4,20,2,34,55,50,86,0,0,65,12,2,0,0,73,7,3,6,4,0,4,8,525,242,141,42,11,26,4,70,6,6,16,2,29,45,50,80,0,0
2022-01-16,WSL,3676280,Tottenham Hotspur Women (W),West Ham United Women (W),0.45657015590200445,0.3418708240534521,0.20155902004454343,1,1,1,60,19,7,2,1,80,8,6,5,7,0,10,9,467,184,191,53,24,22,1,67,16,4,10,0,48,55,54,75,0,0,40,6,1,0,0,65,14,5,1,4,0,6,0,297,102,91,38,9,28,1,59,13,5,10,6,39,45,46,80,0,0
2022-01-23,WSL,3676288,Manchester United Women (W),Tottenham Hotspur Women (W),0.5822637106184364,0.2823803967327888,0.1353558926487748,3,0,0,57,15,5,3,0,81,11,4,6,4,0,10,5,433,184,166,49,43,38,3,79,7,2,10,1,40,54,25,71,0,0,43,6,1,1,1,72,12,2,3,2,0,4,2,325,150,83,28,9,24,4,29,11,4,18,2,43,46,75,60,0,0
2022-01-23,WSL,3676291,Brighton & Hove Albion Women (W),Chelsea FC Women (W),0.14471544715447154,0.25040650406504067,0.6048780487804878,0,0,1,32,4,3,0,0,57,4,3,1,0,0,2,2,250,88,55,35,25,24,2,67,6,8,25,5,15,41,33,50,0,0,68,26,5,2,2,77,7,13,13,8,1,21,5,536,177,237,48,32,30,1,83,4,0,15,3,24,59,67,0,0,0
2022-01-23,WSL,3676290,Leicester City WFC (W),Aston Villa Women (W),0.3948220064724919,0.3851132686084142,0.22006472491909385,1,2,2,44,11,6,1,1,63,12,1,3,2,0,5,6,308,120,74,33,29,31,1,64,8,3,30,2,40,55,31,0,0,0,56,9,4,1,0,67,15,10,3,2,0,5,4,377,120,133,33,10,27,2,100,5,2,7,6,39,45,69,18,0,0
2022-01-23,WSL,3676287,Reading FC Women,Birmingham City Women,0.49019607843137253,0.36470588235294116,0.1450980392156863,3,2,0,58,7,4,1,0,60,12,8,2,1,0,6,1,325,138,57,36,33,34,1,75,14,2,17,1,17,42,25,0,0,0,42,12,3,1,0,52,12,3,7,2,0,10,2,227,42,76,25,17,39,0,60,11,1,4,1,27,58,75,50,0,0
2022-01-23,WSL,3676286,West Ham United Women (W),Everton Women (W),0.4617737003058104,0.37920489296636084,0.15902140672782875,3,0,0,48,9,4,4,1,60,6,6,3,2,0,6,3,333,91,110,23,26,44,4,67,22,5,14,3,38,62,59,14,0,0,52,11,3,1,1,64,9,5,3,5,1,4,7,379,124,120,26,25,36,3,100,7,2,24,1,24,38,41,14,0,0
2022-01-23,WSL,3676289,Man City Women,Arsenal Women,0.4053156146179402,0.2159468438538206,0.3787375415282392,1,1,1,45,14,7,1,0,82,8,5,6,1,0,10,4,388,187,133,57,38,16,0,71,4,6,16,3,34,49,60,80,4,0,55,10,4,0,0,83,10,4,0,6,0,8,2,478,224,173,58,21,20,1,90,14,1,14,6,34,51,40,60,3,0
2022-01-26,WSL,3676272,Chelsea FC Women (W),West Ham United Women (W),0.6470888661899897,0.22318692543411645,0.12972420837589377,2,0,0,57,19,10,2,1,79,6,6,5,4,0,12,7,503,204,195,51,43,32,1,62,25,2,11,0,35,59,45,20,0,0,43,3,0,0,0,66,8,1,1,2,0,1,2,376,181,69,43,0,24,1,50,7,4,13,8,27,41,55,100,0,0
2022-01-27,WSL,3676273,Arsenal Women (W),Brighton & Hove Albion Women (W),0.7037510656436488,0.19863597612958228,0.09761295822676896,2,1,0,68,18,9,1,0,80,8,7,2,7,0,12,6,614,247,245,54,25,37,3,79,12,1,6,1,46,49,60,50,0,0,32,7,2,0,0,53,14,1,2,3,0,3,4,283,90,59,27,25,20,1,67,18,8,10,6,43,51,40,31,0,0
2022-02-05,WSL,3676297,Arsenal Women (W),Manchester United Women (W),0.5244667503136763,0.20075282308657466,0.27478042659974905,1,1,1,60,12,4,1,0,75,10,6,3,5,0,10,2,377,183,100,55,27,37,2,62,8,1,24,3,26,48,38,50,0,0,40,12,4,1,1,61,8,7,7,1,0,9,3,240,59,88,32,36,32,2,64,17,5,15,3,31,52,62,57,0,0
2022-02-06,WSL,3676294,Chelsea Women,Man City Women,0.538659793814433,0.23969072164948454,0.22164948453608246,1,0,0,43,11,4,0,0,67,7,1,5,2,0,8,3,359,160,79,31,29,25,0,62,13,6,20,3,33,63,46,0,0,0,57,11,3,0,0,79,7,6,2,6,0,9,2,461,223,139,40,12,38,2,63,3,2,14,3,23,37,54,50,0,0
2022-02-06,WSL,3676293,Everton Women,Reading FC Women,0.4553846153846154,0.3384615384615385,0.20615384615384616,1,2,2,47,10,5,1,1,62,7,9,3,2,0,9,1,295,115,67,28,24,44,0,63,11,3,26,3,37,52,58,0,1,0,53,15,5,2,1,59,8,8,7,3,0,7,8,341,86,115,27,14,41,0,80,9,3,13,3,33,48,42,60,1,0
2022-02-06,WSL,3676295,Birmingham City Women,Leicester City WFC,0.32441471571906355,0.3511705685618729,0.32441471571906355,1,2,2,40,6,2,1,0,49,10,1,3,1,0,3,3,246,64,56,22,42,31,0,58,13,4,11,1,35,48,43,20,0,1,60,17,4,4,3,71,18,3,10,3,2,13,4,377,148,119,47,64,26,3,81,10,1,5,1,39,52,57,50,2,0
2022-02-06,WSL,3676292,Tottenham Hotspur Women (W),Brighton & Hove Albion Women (W),0.6052631578947368,0.2631578947368421,0.13157894736842105,4,0,0,50,10,5,2,0,70,11,3,2,3,1,7,3,457,237,85,55,38,20,0,48,13,1,28,1,40,46,39,100,0,0,50,5,0,0,0,68,7,4,4,1,0,4,1,451,211,95,44,18,39,4,71,12,3,2,1,51,54,61,33,0,0
2022-02-06,WSL,3676296,Aston Villa Women (W),West Ham United Women (W),0.4069264069264069,0.2813852813852814,0.3116883116883117,1,2,2,58,8,5,2,1,69,8,2,3,0,0,5,3,414,175,112,35,17,40,2,67,14,3,15,1,42,53,29,36,0,0,42,8,4,2,1,60,15,4,2,2,0,6,2,293,93,84,45,9,35,0,50,16,0,17,4,41,47,71,36,0,0
2022-02-11,WSL,3676301,Chelsea FC Women (W),Arsenal Women (W),0.5732251521298174,0.19107505070993916,0.23569979716024342,0,0,1,50,11,3,0,0,77,6,3,3,5,0,9,2,458,199,154,37,15,24,3,94,9,4,23,1,32,53,54,0,0,0,50,9,2,2,2,78,9,5,4,3,1,7,2,444,187,160,67,6,24,1,57,8,5,22,3,28,47,46,67,0,0
2022-02-13,WSL,3676298,Man City Women,Man United Women,0.4165781083953241,0.21253985122210414,0.3708820403825717,1,0,0,68,18,3,1,1,84,8,7,10,5,1,11,7,534,283,163,47,33,30,2,80,3,1,12,2,35,48,69,43,0,0,32,4,2,0,0,64,11,2,1,1,0,2,2,242,97,59,25,13,27,1,71,11,5,23,2,32,52,31,33,1,0
2022-02-13,WSL,3676300,Everton Women (W),Aston Villa Women (W),0.3962962962962963,0.3,0.3037037037037037,0,2,2,52,12,5,0,0,74,11,4,4,3,0,8,4,436,209,112,34,33,36,0,81,11,1,15,2,36,57,67,38,0,0,48,6,4,3,1,74,9,8,1,1,0,6,0,402,200,99,42,25,25,2,75,19,3,11,4,26,43,33,13,0,0
2022-02-13,WSL,3676303,Birmingham City Women,Tottenham Women,0.24199288256227758,0.25622775800711745,0.501779359430605,0,2,2,29,4,2,0,0,41,8,4,1,1,0,0,4,231,50,45,14,0,38,1,60,19,2,17,5,43,51,33,40,2,0,71,15,7,1,0,78,7,6,6,2,1,13,2,574,252,194,59,38,38,0,78,9,1,12,2,49,49,67,75,0,0
2022-02-13,WSL,3676302,Brighton & Hove Albion Women,Reading FC Women,0.4307692307692308,0.28717948717948716,0.28205128205128205,4,1,0,56,20,10,2,1,69,13,10,6,4,1,14,6,378,110,149,44,36,30,3,79,15,3,15,0,28,42,33,29,2,0,44,7,1,0,0,52,11,5,2,4,0,2,5,309,108,53,27,7,34,1,82,21,5,12,5,40,58,67,100,1,0
2022-02-13,WSL,3676299,Leicester City WFC (W),West Ham United Women (W),0.3473282442748092,0.3282442748091603,0.3244274809160305,3,0,0,44,11,3,2,0,66,15,3,6,2,0,5,6,340,146,77,36,38,35,7,64,20,2,11,1,40,53,40,70,0,0,56,4,1,0,0,70,4,6,1,2,0,1,3,421,170,126,42,6,32,2,67,9,2,9,0,37,47,60,50,0,0
2022-03-02,WSL,3676279,Aston Villa Women (W),Everton Women (W),0.4632352941176471,0.27205882352941174,0.2647058823529412,0,1,2,54,17,4,0,0,75,9,6,6,7,0,9,8,410,147,160,51,30,30,0,89,19,6,8,4,39,51,86,25,0,0,46,14,5,1,0,69,9,3,3,6,0,7,7,359,130,119,40,50,38,0,77,10,7,16,4,28,49,14,44,0,0
2022-03-02,WSL,3676285,Arsenal Women,Reading FC Women,0.7135922330097088,0.18543689320388348,0.10097087378640776,4,0,0,63,19,6,5,3,85,10,9,6,7,1,13,6,540,275,186,50,25,28,3,46,13,1,3,1,30,48,63,33,0,0,37,4,1,0,0,74,9,0,2,1,0,2,2,328,170,74,42,20,12,3,80,20,7,25,2,30,52,38,20,0,0
2022-03-05,WSL,3676308,Aston Villa Women (W),Brighton & Hove Albion Women (W),0.5,0.3132530120481928,0.18674698795180722,0,1,2,55,11,3,0,0,75,6,11,7,1,0,7,4,375,154,128,43,12,40,2,64,16,2,13,2,33,51,54,40,0,0,45,10,3,1,1,69,8,7,4,3,0,5,5,312,127,89,35,19,30,5,68,16,1,20,3,31,49,46,25,0,0
2022-03-05,WSL,3676306,Manchester United Women (W),Leicester City WFC (W),0.6666666666666666,0.22424242424242424,0.10909090909090909,4,0,0,64,23,8,3,2,81,8,11,11,4,0,14,9,422,191,151,46,35,21,4,67,7,3,7,2,26,55,83,75,0,0,36,9,2,0,0,63,5,2,4,3,0,3,6,229,92,53,46,20,12,3,88,7,4,8,4,18,45,17,25,0,0
2022-03-06,WSL,3676309,Arsenal Women,Birmingham City Women,0.7512776831345827,0.17035775127768313,0.07836456558773425,4,2,0,75,18,6,3,0,83,9,8,4,8,0,11,7,608,156,348,60,23,32,1,55,6,1,5,1,32,51,60,57,2,0,25,5,3,2,0,54,11,0,1,1,0,4,1,202,72,37,16,0,27,0,63,20,8,23,1,30,49,40,0,2,0
2022-03-06,WSL,3676305,Reading FC Women,Tottenham Hotspur Women,0.22,0.23666666666666666,0.5433333333333333,0,0,1,43,5,1,1,1,62,7,3,2,2,0,5,0,333,128,78,46,25,34,0,69,11,3,37,3,34,53,27,50,0,0,57,11,3,3,3,69,14,6,5,3,1,10,1,429,128,168,47,16,24,1,47,4,2,13,1,36,47,73,22,4,0
2022-03-10,WSL,3676304,West Ham United Women (W),Chelsea FC Women (W),0.21926671459381739,0.21854780733285406,0.5621854780733285,1,4,2,41,12,6,1,0,65,3,3,2,4,0,6,6,357,124,107,30,25,37,2,83,18,1,16,2,18,38,17,33,0,0,59,13,6,4,2,70,8,4,6,1,1,9,4,527,234,134,42,50,35,0,58,16,4,18,5,42,62,83,33,0,0
2022-03-12,WSL,3676311,Reading FC Women,Manchester United Women,0.1495601173020528,0.20234604105571846,0.6480938416422287,1,3,2,46,16,5,2,1,57,4,3,8,3,1,13,3,288,95,69,32,29,29,1,62,8,8,23,1,40,60,71,50,1,0,54,16,5,3,1,69,12,5,4,7,2,13,3,344,114,124,51,14,29,3,70,20,3,20,4,24,40,29,86,1,0
2022-03-12,WSL,3676312,Everton Women (W),Leicester City WFC (W),0.4098360655737705,0.3333333333333333,0.2568306010928962,3,2,0,61,12,6,3,0,72,6,4,6,0,0,5,7,530,236,148,30,25,28,2,71,6,1,7,7,28,49,28,50,0,0,39,18,9,4,3,63,7,3,8,1,0,6,12,330,125,84,39,45,31,1,47,23,0,24,3,37,51,72,50,0,0
2022-03-13,WSL,3676310,Tottenham Women,Man City Women,0.2668112798264642,0.23427331887201736,0.49891540130151846,0,1,2,40,4,1,0,0,66,7,2,3,0,0,1,3,330,144,73,39,20,31,0,83,11,3,10,2,25,55,20,0,2,0,60,9,3,0,0,77,5,5,3,3,1,6,3,498,220,165,54,21,39,1,70,6,0,4,1,27,45,80,33,2,0
2022-03-13,WSL,3676313,Chelsea FC Women (W),Aston Villa Women (W),0.6641929499072357,0.20593692022263452,0.12987012987012986,1,0,0,57,22,8,4,3,76,9,6,6,8,0,16,6,509,202,184,46,45,30,3,60,6,1,15,1,52,48,67,75,0,0,43,7,1,0,0,61,0,3,5,1,1,5,2,379,152,81,19,9,48,3,71,8,8,13,7,41,52,33,15,0,0
2022-03-13,WSL,3676315,Birmingham City Women,West Ham Women,0.24157303370786518,0.29213483146067415,0.46629213483146065,0,1,2,42,10,2,0,0,57,8,6,4,4,0,3,7,300,89,81,17,22,43,2,63,6,2,15,2,37,46,36,29,0,0,58,9,3,2,2,73,13,3,4,2,0,6,3,425,180,129,45,25,28,0,70,21,4,13,2,45,54,64,39,4,0
2022-03-13,WSL,3676314,Brighton & Hove Albion Women (W),Arsenal Women (W),0.16291161178509533,0.14731369150779897,0.6897746967071057,0,3,2,43,4,2,0,0,70,11,1,2,0,0,2,2,344,156,85,47,36,28,0,85,17,4,22,7,24,41,60,0,0,0,57,21,10,7,5,80,8,8,7,4,0,16,5,459,188,180,68,22,22,3,26,3,0,14,2,32,59,40,0,0,0
2022-03-16,WSL,3676283,Everton Women (W),Chelsea FC Women (W),0.17637669592976857,0.23144453312051078,0.5921787709497207,0,3,2,36,5,0,0,0,68,4,1,5,0,0,0,5,349,165,71,19,0,29,0,50,11,4,13,2,22,46,25,50,0,0,64,16,5,0,0,84,8,6,7,4,0,12,4,620,281,237,64,48,28,1,77,22,0,14,0,33,54,75,50,0,0
2022-03-16,WSL,3676270,Manchester City Women,Reading FC Women,0.6273364485981309,0.2523364485981308,0.12032710280373832,2,0,0,67,30,12,3,2,87,3,15,11,7,2,25,5,512,238,205,71,29,29,4,80,10,0,7,0,25,54,83,30,0,0,33,1,0,0,0,65,7,3,1,0,0,1,0,258,125,43,39,0,17,2,77,10,6,23,10,18,46,17,100,1,0
2022-03-16,WSL,3676274,West Ham United Women (W),Manchester United Women (W),0.2016748080949058,0.264480111653873,0.5338450802512212,1,1,1,47,9,3,1,1,66,9,1,4,2,0,6,3,314,128,78,48,19,30,0,78,8,1,29,5,23,44,44,67,0,0,53,10,6,1,1,67,8,11,3,1,0,5,5,372,128,120,43,10,36,4,73,12,2,14,2,29,56,56,50,0,0
2022-03-23,WSL,3676307,Man City Women,Everton Women,0.6479765967820575,0.2462213554363725,0.10580204778156997,4,0,0,66,17,7,1,0,87,10,6,5,5,0,10,7,601,236,285,67,36,29,0,86,22,0,2,1,32,48,38,62,0,0,34,2,1,0,0,72,7,1,1,0,0,1,1,318,192,37,42,0,18,0,77,12,5,31,4,40,52,62,100,2,0
2022-03-26,WSL,3676320,Aston Villa Women,Reading FC Women,0.45323741007194246,0.34772182254196643,0.19904076738609114,1,1,1,52,13,4,2,1,71,15,4,5,4,0,8,5,401,149,135,32,33,34,3,83,10,2,9,1,31,47,36,33,1,0,48,8,2,1,0,71,13,2,4,2,0,5,3,372,187,78,47,23,23,2,69,12,4,13,3,37,53,64,0,0,0
2022-03-27,WSL,3676317,Manchester United Women (W),Everton Women (W),0.679324894514768,0.21820373719107897,0.1024713682941531,3,1,0,62,16,6,2,1,84,7,8,6,4,0,10,6,492,205,207,50,37,32,4,67,9,0,16,0,42,53,67,75,0,0,38,7,1,1,0,78,6,1,6,0,0,3,4,301,149,86,43,17,27,1,50,15,4,36,3,33,47,33,55,0,0
2022-03-27,WSL,3676319,Leicester City WFC (W),Chelsea FC Women (W),0.1774891774891775,0.25757575757575757,0.564935064935065,0,9,2,23,2,0,0,0,56,7,0,2,0,0,2,0,215,93,28,24,0,28,2,70,16,3,25,5,24,32,50,0,0,0,77,25,14,6,1,87,3,8,8,3,0,22,3,696,232,372,72,28,27,1,79,8,0,3,0,37,68,50,67,0,0
2022-03-27,WSL,3676316,West Ham United Women (W),Brighton & Hove Albion Women (W),0.540478905359179,0.3204104903078677,0.13911060433295325,0,2,2,58,7,3,0,0,73,9,3,2,2,0,5,2,463,220,116,50,14,33,3,93,7,0,9,1,36,47,45,56,0,0,42,8,3,1,0,66,6,4,5,0,1,6,2,335,109,113,37,27,26,3,56,22,2,17,3,41,53,55,50,0,0
2022-04-01,WSL,3676327,Birmingham City Women,Everton Women,0.26813880126182965,0.2334384858044164,0.49842271293375395,0,0,1,36,7,1,1,1,58,6,2,5,1,0,5,2,280,97,66,35,20,23,0,54,15,4,15,5,46,44,45,17,1,0,64,18,5,3,3,80,10,5,9,4,0,11,7,498,227,171,61,29,28,2,58,13,1,8,1,59,56,55,57,1,0
2022-04-02,WSL,3676322,West Ham Women,Man City Women,0.20303030303030303,0.2,0.5969696969696969,0,2,2,32,6,0,0,0,64,5,2,5,1,0,3,3,237,89,62,30,30,21,1,88,4,3,20,5,23,55,25,0,0,0,68,18,7,3,2,82,6,9,8,3,0,12,6,507,193,222,55,18,38,2,85,12,1,6,0,21,45,75,50,0,0
2022-04-03,WSL,3676324,Manchester United Women (W),Brighton & Hove Albion Women (W),0.7150259067357513,0.20552677029360966,0.07944732297063903,1,0,0,61,20,6,3,2,85,9,9,7,7,0,12,8,538,242,217,59,25,16,1,88,8,4,16,1,20,38,63,80,0,0,39,8,1,1,1,71,3,2,2,5,0,7,1,347,170,75,35,31,19,0,80,7,7,30,5,27,62,38,0,0,0
2022-04-03,WSL,3676325,Leicester City WFC (W),Arsenal Women (W),0.17721518987341772,0.20433996383363473,0.6184448462929476,0,5,2,24,1,0,0,0,61,9,2,0,1,0,1,0,205,105,21,18,0,8,1,62,13,15,32,6,30,43,40,33,0,0,76,30,11,4,1,87,9,17,5,14,1,20,10,653,176,395,79,23,21,0,76,10,1,1,0,41,57,60,55,0,0
2022-04-03,WSL,3676323,Tottenham Hotspur Women (W),Aston Villa Women (W),0.5718654434250765,0.27217125382262997,0.1559633027522936,0,1,2,50,9,3,0,0,70,15,6,4,2,0,6,3,406,155,129,38,12,40,4,65,10,1,10,0,46,50,41,50,0,0,50,3,1,1,0,67,13,3,1,1,0,1,2,401,180,87,41,0,27,0,69,5,2,25,2,50,50,59,100,0,0
2022-04-03,WSL,3676326,Chelsea FC Women,Reading FC Women,0.7190265486725663,0.18694690265486727,0.09402654867256637,5,0,0,76,24,8,3,1,79,4,4,9,7,0,16,8,584,261,200,75,50,40,2,79,10,0,7,1,37,59,59,33,0,0,24,2,1,0,0,55,11,1,1,0,0,0,2,193,67,40,19,20,27,2,53,11,7,22,3,26,41,41,33,0,0
2022-04-23,WSL,3676332,Brighton Women,Birmingham City Women,0.6015037593984962,0.22556390977443608,0.17293233082706766,1,3,2,67,17,9,1,0,74,9,6,4,4,2,9,8,457,167,171,46,27,36,2,69,4,1,5,1,20,43,33,0,2,0,33,9,4,1,0,52,6,1,4,1,0,6,3,218,82,32,27,9,34,3,94,15,4,18,8,27,57,67,100,1,0
2022-04-24,WSL,3676330,Man City Women,Leicester City WFC,0.6838709677419355,0.20806451612903226,0.10806451612903226,4,0,0,80,22,8,3,0,86,3,4,9,5,0,14,8,623,177,361,68,22,33,1,83,4,0,2,1,21,50,80,29,0,0,20,3,1,0,0,48,10,0,2,0,0,0,3,165,68,11,15,0,20,0,62,19,5,24,4,18,50,20,33,0,0
2022-04-24,WSL,3676329,Reading FC Women,West Ham United Women,0.2471042471042471,0.28957528957528955,0.46332046332046334,1,2,2,45,12,7,0,0,69,9,6,2,3,0,9,3,327,151,75,23,25,17,6,45,15,7,16,5,41,46,46,22,2,0,55,21,7,4,3,77,6,7,7,7,1,18,3,401,166,143,44,62,23,5,67,10,2,10,6,48,54,54,44,0,0
2022-04-24,WSL,3676328,Tottenham Hotspur Women (W),Chelsea FC Women (W),0.17560975609756097,0.17317073170731706,0.651219512195122,1,3,2,55,9,0,0,0,67,8,9,6,3,0,4,5,330,118,103,41,25,31,1,55,13,3,23,3,38,49,43,38,0,0,45,12,6,1,1,60,12,6,3,3,0,7,5,269,63,98,33,6,29,1,75,5,3,10,0,42,51,57,55,0,0
2022-04-24,WSL,3676333,Aston Villa Women (W),Manchester United Women (W),0.21301020408163265,0.17091836734693877,0.6160714285714286,0,0,1,39,6,3,0,0,63,5,3,3,0,0,2,4,306,90,104,37,9,30,5,80,10,5,12,6,22,49,57,17,0,0,61,20,7,3,3,72,8,8,9,4,0,14,6,498,200,161,35,40,21,4,64,4,0,6,3,22,51,43,100,0,0
2022-04-24,WSL,3676331,Everton Women (W),Arsenal Women (W),0.18147684605757197,0.16520650813516896,0.6533166458072591,0,3,2,32,1,1,0,0,74,4,0,0,0,0,1,0,347,202,55,21,75,13,1,72,9,11,22,3,27,54,33,33,0,0,68,25,6,1,0,89,7,6,8,11,0,18,7,734,217,433,81,30,31,2,85,13,0,1,1,24,46,67,56,0,0
2022-04-28,WSL,3676276,Chelsea FC Women (W),Tottenham Hotspur Women (W),0.6318173240234006,0.205699188526137,0.16248348745046234,2,1,0,56,24,9,4,3,78,10,7,10,5,1,16,8,423,183,149,60,45,24,3,64,12,0,10,1,31,51,55,29,0,0,44,2,2,0,0,66,9,2,0,0,0,1,1,335,175,47,35,33,36,1,64,1,5,19,7,29,49,45,0,0,0
2022-04-30,WSL,3676335,Man City Women,Brighton Women,0.7064935064935065,0.19480519480519481,0.0987012987012987,7,2,0,70,19,11,1,0,86,7,4,5,3,0,17,2,533,297,162,72,25,23,2,57,2,1,4,1,22,47,45,67,0,0,30,6,3,2,1,64,6,2,2,1,0,5,1,230,102,45,32,25,15,1,100,7,3,15,4,25,53,55,100,1,0
2022-05-01,WSL,3676334,Manchester United Women (W),West Ham United Women (W),0.6843971631205674,0.19858156028368795,0.11702127659574468,3,0,0,68,19,7,3,2,86,10,6,7,5,0,11,8,609,320,202,63,38,26,3,35,8,3,10,1,43,52,62,45,0,0,32,8,1,1,1,65,5,1,3,4,0,4,4,282,115,68,41,14,13,1,74,15,6,15,4,37,48,38,60,0,0
2022-05-01,WSL,3676336,Leicester City WFC,Reading FC Women,0.453125,0.28125,0.265625,0,0,1,36,13,2,0,0,56,10,6,6,5,2,10,3,257,96,48,33,31,28,3,50,10,4,8,3,31,54,25,0,0,0,64,12,3,0,0,74,13,6,5,4,0,8,4,464,230,115,41,28,25,1,79,8,4,5,2,29,46,75,20,1,0
2022-05-01,WSL,3676339,Arsenal Women (W),Aston Villa Women (W),0.7048903878583473,0.1551433389544688,0.1399662731871838,7,0,0,70,27,14,6,3,88,10,9,8,5,1,18,9,588,247,270,64,33,20,6,89,8,2,4,0,40,57,56,54,0,0,30,4,0,0,0,67,10,0,2,2,0,1,3,261,132,43,28,0,16,1,56,11,4,11,8,30,43,44,33,0,0
2022-05-01,WSL,3676338,Birmingham City Women,Chelsea Women,0.15856481481481483,0.1574074074074074,0.6840277777777778,0,1,2,33,8,2,0,0,48,10,6,3,3,0,5,3,222,67,39,20,8,26,1,77,18,6,32,2,26,38,31,75,3,0,67,20,3,2,1,75,2,6,11,6,1,15,5,441,146,185,57,26,36,3,81,5,2,15,2,47,62,69,40,1,0
2022-05-01,WSL,3676337,Everton Women (W),Tottenham Hotspur Women (W),0.2692307692307692,0.2564102564102564,0.47435897435897434,2,2,1,54,15,3,0,0,76,8,3,8,4,0,11,4,522,221,175,35,54,26,0,53,10,2,8,7,41,58,43,57,0,0,46,23,10,2,0,78,10,4,12,1,0,15,8,437,239,101,45,64,21,3,63,9,4,21,1,35,42,57,67,0,0
2022-05-04,WSL,3676318,Man City Women,Birmingham City Women,0.6745762711864407,0.22542372881355932,0.1,6,0,0,80,29,12,5,3,91,3,9,11,6,3,20,9,705,209,432,68,31,20,1,100,9,0,1,0,33,52,58,57,0,0,20,1,0,0,0,52,4,0,1,0,0,0,1,180,80,14,15,0,10,0,65,5,7,19,5,29,48,42,25,0,0
2022-05-04,WSL,3676321,Arsenal Women (W),Tottenham Hotspur Women (W),0.6653225806451613,0.16666666666666666,0.16801075268817203,3,0,0,60,21,8,1,0,88,4,9,6,7,0,14,7,557,281,209,68,8,22,4,58,6,2,6,0,27,53,25,50,0,0,40,6,2,1,1,79,12,1,4,0,1,5,1,363,224,61,24,10,12,1,70,12,7,23,5,26,47,75,0,0,0
2022-05-08,WSL,3676345,Aston Villa Women,Birmingham City Women,0.5992779783393501,0.24187725631768953,0.1588447653429603,0,1,2,69,14,3,0,0,82,12,8,5,6,1,8,6,506,189,227,64,22,29,0,78,11,3,9,1,25,48,25,45,1,0,31,8,2,1,1,56,10,3,3,3,1,4,4,227,73,53,21,27,14,1,73,9,4,23,3,29,52,75,0,0,0
2022-05-08,WSL,3676344,Brighton & Hove Albion Women (W),Everton Women (W),0.384180790960452,0.3107344632768362,0.3050847457627119,1,1,1,45,13,5,1,0,64,11,2,7,1,1,7,6,343,128,93,38,13,33,2,72,3,2,18,4,32,56,50,25,0,0,55,12,5,0,0,74,11,3,5,2,0,7,5,419,189,120,33,33,38,3,77,2,1,20,4,26,44,50,0,0,0
2022-05-08,WSL,3676343,Chelsea FC Women (W),Manchester United Women (W),0.5654974946313529,0.13528990694345025,0.2992125984251969,4,2,0,46,17,4,0,0,62,9,8,7,6,0,12,5,304,87,100,33,26,20,0,25,11,2,14,3,29,48,50,100,0,0,54,10,5,0,0,65,7,5,3,2,0,7,3,360,150,83,29,38,35,2,50,3,6,23,0,30,52,50,100,0,0
2022-05-08,WSL,3676342,Reading FC Women,Manchester City Women,0.15079365079365079,0.2275132275132275,0.6216931216931217,0,4,2,26,6,0,0,0,64,9,2,4,2,0,5,1,206,92,39,33,10,13,0,82,10,6,35,7,28,49,20,100,2,0,74,25,11,4,1,88,9,4,6,8,0,17,8,618,251,293,73,22,28,1,93,5,2,5,0,32,51,80,50,0,0
2022-05-08,WSL,3676341,Tottenham Hotspur Women (W),Leicester City WFC (W),0.6150442477876106,0.2345132743362832,0.1504424778761062,1,0,0,66,18,6,1,1,78,12,3,8,4,1,5,13,551,261,168,48,27,22,2,85,11,4,2,1,23,48,50,75,0,0,34,11,1,0,0,64,6,1,6,4,0,8,3,277,138,39,27,20,13,2,75,13,3,12,5,25,52,50,0,0,0
2022-05-08,WSL,3676340,West Ham United Women (W),Arsenal Women (W),0.20196353436185133,0.1697054698457223,0.6283309957924264,0,2,2,36,5,0,0,0,69,10,3,4,1,1,3,2,274,115,74,34,25,20,0,82,10,10,24,4,32,55,75,9,0,0,64,20,7,2,1,82,6,12,4,9,0,15,5,509,206,213,48,17,30,4,91,15,1,10,0,25,45,25,33,0,0
